Anio,Densidad_Media_Stock_MgC_ha,Densidad_Media_Incertidumbre_MgC_ha,Carbono_Total_Almacenado_Mg
1985,101.6050132703263,49.53407623581478,6.524128826242472E8
1986,101.40494509061865,49.405066683899754,6.511259645831871E8
1987,102.41859458537581,49.73953912324742,6.576425492322744E8
1988,102.80497438799095,49.664461089200856,6.601268635758832E8
1989,102.87943759140285,49.810081814837346,6.606050868567561E8
1990,104.46767583894953,50.49037812212435,6.708019295154412E8
1991,103.98211049752385,50.33437918909273,6.676747415404228E8
1992,103.43644876063284,50.16518545242208,6.641742094755293E8
1993,103.71517956408732,50.35221494976444,6.65964036119789E8
1994,103.9962982425722,50.51927918097331,6.677668020097401E8
1995,103.967974003314,50.528559746989394,6.675859711272248E8
1996,105.49132899273901,51.40793053070998,6.773558975266191E8
1997,103.92881933688437,50.9686477456109,6.673236526319956E8
1998,104.3298060807042,50.94149108967023,6.698956796456397E8
1999,103.96519249267982,50.82404350790128,6.675544596980699E8
2000,102.95029919740945,50.49021207831169,6.6103610153104E8
2001,104.454856133121,51.02602552596288,6.707004509745829E8
2002,103.93909881491112,50.78991914874421,6.673903675867674E8
2003,104.5670800757793,51.01713782870093,6.71426356441242E8
2004,102.84637924092114,50.28215399540776,6.603748230938567E8
2005,103.42549849056819,50.53910923746089,6.640876927593956E8
2006,103.41472572724906,50.58013226664916,6.640119489653269E8
2007,104.05597312416494,50.77539320950768,6.681294976941743E8
2008,103.14059620164106,50.398964069268324,6.62251569416943E8
2009,103.42606754162838,50.60835809896893,6.640830333104719E8
2010,104.88393522731587,51.130036487733584,6.734531290691805E8
2011,103.06498047087821,50.26798066534451,6.617731206022788E8
2012,102.14877947810896,49.89281051109668,6.558875279245516E8
2013,101.64384865532088,49.540890418006626,6.526416851973836E8
2014,100.81519116071719,49.238537174366826,6.473165347675241E8
2015,100.05003518850538,49.03401173555468,6.424003872719994E8
2016,99.6587788272679,48.85275350379138,6.398868149886963E8
2017,99.27931604952032,48.66636440210591,6.374499438778225E8
2018,98.4448671273774,48.382739063432105,6.320896804206699E8
2019,98.70765200983529,48.32026496357158,6.337798261042831E8
2020,98.96720514646061,48.30388364431844,6.354502012768364E8
2021,98.47540122514452,48.11001552252987,6.322894803059924E8
2022,98.53277952040963,48.06209527523385,6.326621007759943E8
2023,98.62236325190948,48.17756384578986,6.332356964937857E8
